propuesta_descuento,con_acuerdo
"(-0.000534, 0.12]",0.0625
"(0.12, 0.239]",0.07246376811594203
"(0.239, 0.359]",0.06965174129353234
"(0.359, 0.479]",0.09523809523809523
"(0.479, 0.598]",0.14358974358974358
