region_bogota,con_acuerdo
0,0.0776978417266187
1,0.11147540983606558
