ingreso,con_acuerdo
"(684117.854, 1951575.544]",0.04477611940298507
"(1951575.544, 3212727.474]",0.06397306397306397
"(3212727.474, 4473879.404]",0.09947643979057591
"(4473879.404, 5735031.334]",0.10050251256281408
"(5735031.334, 6996183.263]",0.14545454545454545
