estrategia_agresiva,con_acuerdo
0,0.02178217821782178
1,0.15555555555555556
